idx,file,true_intent,true_variation,true_slot,pred_intent,pred_slot,pred_variation,is_synthetic,infer_ms,correct_intent,correct_command
0,audio/holdout_000000_real_voice_PLAY_MUSIC_V2_t2.wav,PLAY_MUSIC,Play music,,NEXT,,Next song,0,69.801,False,False
1,audio/holdout_000001_group_synthetic_PLAY_MUSIC_s10_v1_clean.wav,PLAY_MUSIC,Play music,,PLAY_MUSIC,,Play music,1,21.755,True,True
2,audio/holdout_000002_real_voice_PLAY_MUSIC_V3_t2.wav,PLAY_MUSIC,Start music,,PLAY_MUSIC,,Play music,0,66.368,True,True
3,audio/holdout_000003_group_synthetic_PLAY_MUSIC_s10_v2_clean.wav,PLAY_MUSIC,Start music,,PLAY_MUSIC,,Play music,1,24.929,True,True
4,audio/holdout_000004_FluentSpeechCommands_c5d5f9c0-4547-11e9-aa52-bf2189a03a60.wav,PLAY_MUSIC,Play some music,,PAUSE,,Pause,0,41.226,False,False
5,audio/holdout_000005_group_synthetic_PLAY_MUSIC_s10_v3_clean.wav,PLAY_MUSIC,Play some music,,PLAY_MUSIC,,Play music,1,25.28,True,True
6,audio/holdout_000006_real_voice_WEATHER_V1_t2.wav,WEATHER,Weather,,WEATHER,,Weather,0,74.699,True,True
7,audio/holdout_000007_group_synthetic_WEATHER_s10_v1_clean.wav,WEATHER,Weather,,NO_RESPONSE,,,1,19.252,False,False
8,audio/holdout_000008_real_voice_WEATHER_V2_t2.wav,WEATHER,What's the weather?,,WEATHER,,Weather,0,71.262,True,True
9,audio/holdout_000009_group_synthetic_WEATHER_s10_v2_clean.wav,WEATHER,What's the weather?,,WEATHER,,Weather,1,25.564,True,True
10,audio/holdout_000010_real_voice_WEATHER_V3_t1.wav,WEATHER,Tell me the weather,,WEATHER,,Weather,0,70.061,True,True
11,audio/holdout_000011_group_synthetic_WEATHER_s10_v3_clean.wav,WEATHER,Tell me the weather,,WEATHER,,Weather,1,27.806,True,True
12,audio/holdout_000012_real_voice_TIME_V1_t1.wav,TIME,Time,,PAUSE,,Pause,0,68.772,False,False
13,audio/holdout_000013_group_synthetic_TIME_s10_v1_clean.wav,TIME,Time,,NO_RESPONSE,,,1,128.919,False,False
14,audio/holdout_000014_real_voice_TIME_V2_t1.wav,TIME,What time is it?,,TIME,,Time,0,66.669,True,True
15,audio/holdout_000015_group_synthetic_TIME_s10_v2_clean.wav,TIME,What time is it?,,TIME,,Time,1,28.36,True,True
16,audio/holdout_000016_real_voice_TIME_V3_t1.wav,TIME,Tell me the time,,TIME,,Time,0,68.501,True,True
17,audio/holdout_000017_group_synthetic_TIME_s10_v3_clean.wav,TIME,Tell me the time,,TIME,,Time,1,27.23,True,True
18,audio/holdout_000018_real_voice_LIGHT_ON_V1_t2.wav,LIGHT_ON,Lights on,,LIGHT_ON,,Lights on,0,68.077,True,True
19,audio/holdout_000019_group_synthetic_LIGHT_ON_s10_v1_clean.wav,LIGHT_ON,Lights on,,LIGHT_ON,,Lights on,1,23.854,True,True
20,audio/holdout_000020_real_voice_LIGHT_ON_V2_t2.wav,LIGHT_ON,Power on the lights,,LIGHT_ON,,Lights on,0,68.73,True,True
21,audio/holdout_000021_group_synthetic_LIGHT_ON_s10_v2_clean.wav,LIGHT_ON,Power on the lights,,LIGHT_ON,,Lights on,1,27.353,True,True
22,audio/holdout_000022_real_voice_LIGHT_ON_V3_t1.wav,LIGHT_ON,Turn on the lights,,LIGHT_ON,,Lights on,0,69.248,True,True
23,audio/holdout_000023_group_synthetic_LIGHT_ON_s10_v3_clean.wav,LIGHT_ON,Turn on the lights,,LIGHT_ON,,Lights on,1,24.538,True,True
24,audio/holdout_000024_real_voice_LIGHT_OFF_V1_t1.wav,LIGHT_OFF,Lights out,,LIGHT_ON,,Lights on,0,66.703,False,False
25,audio/holdout_000025_group_synthetic_LIGHT_OFF_s10_v1_clean.wav,LIGHT_OFF,Lights out,,LIGHT_OFF,,Lights out,1,21.64,True,True
26,audio/holdout_000026_real_voice_LIGHT_OFF_V2_t2.wav,LIGHT_OFF,Kill the lights,,LIGHT_OFF,,Lights out,0,67.664,True,True
27,audio/holdout_000027_group_synthetic_LIGHT_OFF_s10_v2_clean.wav,LIGHT_OFF,Kill the lights,,LIGHT_OFF,,Lights out,1,27.985,True,True
28,audio/holdout_000028_real_voice_LIGHT_OFF_V3_t2.wav,LIGHT_OFF,Shut off the lights,,LIGHT_ON,,Lights on,0,68.374,False,False
29,audio/holdout_000029_group_synthetic_LIGHT_OFF_s10_v3_clean.wav,LIGHT_OFF,Shut off the lights,,LIGHT_OFF,,Lights out,1,29.701,True,True
30,audio/holdout_000030_real_voice_PAUSE_V1_t1.wav,PAUSE,Pause,,PAUSE,,Pause,0,69.358,True,True
31,audio/holdout_000031_group_synthetic_PAUSE_s10_v1_clean.wav,PAUSE,Pause,,PAUSE,,Pause,1,23.136,True,True
32,audio/holdout_000032_real_voice_PAUSE_V2_t1.wav,PAUSE,Pause audio,,PAUSE,,Pause,0,76.633,True,True
33,audio/holdout_000033_group_synthetic_PAUSE_s10_v2_clean.wav,PAUSE,Pause audio,,PAUSE,,Pause,1,36.207,True,True
34,audio/holdout_000034_real_voice_PAUSE_V3_t1.wav,PAUSE,Pause song,,PAUSE,,Pause,0,70.587,True,True
35,audio/holdout_000035_group_synthetic_PAUSE_s10_v3_clean.wav,PAUSE,Pause song,,PAUSE,,Pause,1,26.106,True,True
36,audio/holdout_000036_real_voice_STOP_V2_t1.wav,STOP,Stop,,STOP,,Stop,0,69.746,True,True
37,audio/holdout_000037_group_synthetic_STOP_s10_v1_clean.wav,STOP,Stop,,STOP,,Stop,1,17.137,True,True
38,audio/holdout_000038_real_voice_STOP_V3_t1.wav,STOP,Stop playing,,STOP,,Stop,0,65.995,True,True
39,audio/holdout_000039_group_synthetic_STOP_s10_v2_clean.wav,STOP,Stop playing,,STOP,,Stop,1,23.455,True,True
40,audio/holdout_000040_FluentSpeechCommands_5986cc10-454f-11e9-aa52-bf2189a03a60.wav,STOP,End playback,,LIGHT_ON,,Lights on,0,40.97,False,False
41,audio/holdout_000041_group_synthetic_STOP_s10_v3_clean.wav,STOP,End playback,,STOP,,Stop,1,28.414,True,True
42,audio/holdout_000042_real_voice_NEXT_V2_t2.wav,NEXT,Next song,,NEXT,,Next song,0,68.519,True,True
43,audio/holdout_000043_group_synthetic_NEXT_s10_v1_clean.wav,NEXT,Next song,,NEXT,,Next song,1,22.346,True,True
44,audio/holdout_000044_real_voice_NEXT_V1_t2.wav,NEXT,Skip song,,NEXT,,Next song,0,68.391,True,True
45,audio/holdout_000045_group_synthetic_NEXT_s10_v2_clean.wav,NEXT,Skip song,,NEXT,,Next song,1,21.698,True,True
46,audio/holdout_000046_real_voice_NEXT_V3_t2.wav,NEXT,Play next song,,NEXT,,Next song,0,65.743,True,True
47,audio/holdout_000047_group_synthetic_NEXT_s10_v3_clean.wav,NEXT,Play next song,,NEXT,,Next song,1,23.038,True,True
48,audio/holdout_000048_real_voice_VOLUME_UP_V1_t2.wav,VOLUME_UP,Volume up,,VOLUME_UP,,Volume up,0,67.485,True,True
49,audio/holdout_000049_group_synthetic_VOLUME_UP_s10_v1_clean.wav,VOLUME_UP,Volume up,,VOLUME_UP,,Volume up,1,22.903,True,True
50,audio/holdout_000050_real_voice_VOLUME_UP_V2_t1.wav,VOLUME_UP,Increase the volume,,VOLUME_UP,,Volume up,0,71.019,True,True
51,audio/holdout_000051_group_synthetic_VOLUME_UP_s10_v2_clean.wav,VOLUME_UP,Increase the volume,,VOLUME_UP,,Volume up,1,30.179,True,True
52,audio/holdout_000052_real_voice_VOLUME_UP_V3_t1.wav,VOLUME_UP,Turn the volume up,,VOLUME_UP,,Volume up,0,68.022,True,True
53,audio/holdout_000053_group_synthetic_VOLUME_UP_s10_v3_clean.wav,VOLUME_UP,Turn the volume up,,VOLUME_UP,,Volume up,1,26.135,True,True
54,audio/holdout_000054_real_voice_VOLUME_DOWN_V1_t2.wav,VOLUME_DOWN,Volume down,,VOLUME_DOWN,,Volume down,0,69.434,True,True
55,audio/holdout_000055_group_synthetic_VOLUME_DOWN_s10_v1_clean.wav,VOLUME_DOWN,Volume down,,VOLUME_DOWN,,Volume down,1,23.961,True,True
56,audio/holdout_000056_real_voice_VOLUME_DOWN_V2_t1.wav,VOLUME_DOWN,Lower the volume,,VOLUME_DOWN,,Volume down,0,71.328,True,True
57,audio/holdout_000057_group_synthetic_VOLUME_DOWN_s10_v2_clean.wav,VOLUME_DOWN,Lower the volume,,VOLUME_DOWN,,Volume down,1,25.162,True,True
58,audio/holdout_000058_real_voice_VOLUME_DOWN_V3_t1.wav,VOLUME_DOWN,Turn the volume down,,VOLUME_DOWN,,Volume down,0,65.675,True,True
59,audio/holdout_000059_group_synthetic_VOLUME_DOWN_s10_v3_clean.wav,VOLUME_DOWN,Turn the volume down,,VOLUME_DOWN,,Volume down,1,30.086,True,True
60,audio/holdout_000060_real_voice_CALL_V1_t2.wav,CALL,Call,,CALL,,Call,0,69.429,True,True
61,audio/holdout_000061_group_synthetic_CALL_s10_v1_clean.wav,CALL,Call,,PAUSE,,Pause,1,22.684,False,False
62,audio/holdout_000062_real_voice_CALL_V2_t1.wav,CALL,Make a call,,CALL,,Call,0,85.42,True,True
63,audio/holdout_000063_group_synthetic_CALL_s10_v2_clean.wav,CALL,Make a call,,CALL,,Call,1,27.349,True,True
64,audio/holdout_000064_real_voice_CALL_V3_t1.wav,CALL,Make a phone call,,CALL,,Call,0,69.072,True,True
65,audio/holdout_000065_group_synthetic_CALL_s10_v3_clean.wav,CALL,Make a phone call,,CALL,,Call,1,28.838,True,True
66,audio/holdout_000066_real_voice_MESSAGE_V1_t2.wav,MESSAGE,Message,,MESSAGE,,Message,0,76.097,True,True
67,audio/holdout_000067_group_synthetic_MESSAGE_s10_v1_clean.wav,MESSAGE,Message,,MESSAGE,,Message,1,21.133,True,True
68,audio/holdout_000068_real_voice_MESSAGE_V2_t1.wav,MESSAGE,Send a message,,MESSAGE,,Message,0,69.478,True,True
69,audio/holdout_000069_group_synthetic_MESSAGE_s10_v2_clean.wav,MESSAGE,Send a message,,MESSAGE,,Message,1,25.816,True,True
70,audio/holdout_000070_real_voice_MESSAGE_V3_t2.wav,MESSAGE,Send my message,,MESSAGE,,Message,0,72.262,True,True
71,audio/holdout_000071_group_synthetic_MESSAGE_s10_v3_clean.wav,MESSAGE,Send my message,,MESSAGE,,Message,1,25.834,True,True
72,audio/holdout_000072_real_voice_LIST_REMINDERS_V1_t2.wav,LIST_REMINDERS,Reminders,,LIST_REMINDERS,,Reminders,0,68.849,True,True
73,audio/holdout_000073_group_synthetic_LIST_REMINDERS_s10_v1_clean.wav,LIST_REMINDERS,Reminders,,LIST_REMINDERS,,Reminders,1,21.056,True,True
74,audio/holdout_000074_real_voice_LIST_REMINDERS_V2_t2.wav,LIST_REMINDERS,Show my reminders,,LIST_REMINDERS,,Reminders,0,66.098,True,True
75,audio/holdout_000075_group_synthetic_LIST_REMINDERS_s10_v2_clean.wav,LIST_REMINDERS,Show my reminders,,LIST_REMINDERS,,Reminders,1,27.268,True,True
76,audio/holdout_000076_real_voice_LIST_REMINDERS_V3_t1.wav,LIST_REMINDERS,List my reminders,,LIST_REMINDERS,,Reminders,0,66.041,True,True
77,audio/holdout_000077_group_synthetic_LIST_REMINDERS_s10_v3_clean.wav,LIST_REMINDERS,List my reminders,,LIST_REMINDERS,,Reminders,1,26.219,True,True
78,audio/holdout_000078_real_voice_TIMER_V1_1_t1.wav,TIMER,Timer 10 seconds,10 seconds,TIMER,10 seconds,Timer 10 seconds,0,67.004,True,True
79,audio/holdout_000079_group_synthetic_TIMER_10s_s10_v1_clean.wav,TIMER,Timer 10 seconds,10 seconds,TIMER,10 seconds,Timer 10 seconds,1,28.375,True,True
80,audio/holdout_000080_real_voice_TIMER_V1_2_t1.wav,TIMER,Timer 30 seconds,30 seconds,TIMER,30 seconds,Timer 30 seconds,0,65.764,True,True
81,audio/holdout_000081_group_synthetic_TIMER_30s_s10_v1_clean.wav,TIMER,Timer 30 seconds,30 seconds,TIMER,30 seconds,Timer 30 seconds,1,44.396,True,True
82,audio/holdout_000082_real_voice_TIMER_V1_3_t2.wav,TIMER,Timer 1 minute,1 minute,TIMER,1 minute,Timer 1 minute,0,71.963,True,True
83,audio/holdout_000083_group_synthetic_TIMER_1m_s10_v1_clean.wav,TIMER,Timer 1 minute,1 minute,TIMER,1 minute,Timer 1 minute,1,24.324,True,True
84,audio/holdout_000084_real_voice_TIMER_V2_1_t2.wav,TIMER,Countdown for 10 seconds,10 seconds,TIMER,10 seconds,Timer 10 seconds,0,70.64,True,True
85,audio/holdout_000085_group_synthetic_TIMER_10s_s10_v2_clean.wav,TIMER,Countdown for 10 seconds,10 seconds,TIMER,10 seconds,Timer 10 seconds,1,31.565,True,True
86,audio/holdout_000086_real_voice_TIMER_V2_2_t2.wav,TIMER,Countdown for 30 seconds,30 seconds,TIMER,30 seconds,Timer 30 seconds,0,66.301,True,True
87,audio/holdout_000087_group_synthetic_TIMER_30s_s10_v2_clean.wav,TIMER,Countdown for 30 seconds,30 seconds,TIMER,30 seconds,Timer 30 seconds,1,36.63,True,True
88,audio/holdout_000088_real_voice_TIMER_V2_3_t1.wav,TIMER,Countdown for 1 minute,1 minute,TIMER,1 minute,Timer 1 minute,0,67.577,True,True
89,audio/holdout_000089_group_synthetic_TIMER_1m_s10_v2_clean.wav,TIMER,Countdown for 1 minute,1 minute,TIMER,1 minute,Timer 1 minute,1,30.836,True,True
90,audio/holdout_000090_real_voice_TIMER_V3_1_t2.wav,TIMER,Start a timer for 10 seconds,10 seconds,TIMER,10 seconds,Timer 10 seconds,0,66.575,True,True
91,audio/holdout_000091_group_synthetic_TIMER_10s_s10_v3_clean.wav,TIMER,Start a timer for 10 seconds,10 seconds,TIMER,10 seconds,Timer 10 seconds,1,36.088,True,True
92,audio/holdout_000092_real_voice_TIMER_V3_2_t1.wav,TIMER,Start a timer for 30 seconds,30 seconds,TIMER,30 seconds,Timer 30 seconds,0,67.546,True,True
93,audio/holdout_000093_group_synthetic_TIMER_30s_s10_v3_clean.wav,TIMER,Start a timer for 30 seconds,30 seconds,TIMER,30 seconds,Timer 30 seconds,1,41.42,True,True
94,audio/holdout_000094_real_voice_TIMER_V3_3_t2.wav,TIMER,Start a timer for 1 minute,1 minute,TIMER,1 minute,Timer 1 minute,0,68.664,True,True
95,audio/holdout_000095_group_synthetic_TIMER_1m_s10_v3_clean.wav,TIMER,Start a timer for 1 minute,1 minute,TIMER,1 minute,Timer 1 minute,1,33.36,True,True
96,audio/holdout_000096_real_voice_ALARM_V1_1_t1.wav,ALARM,Alarm 6:00 AM,6:00 AM,ALARM,6:00 AM,Alarm 6:00 AM,0,68.72,True,True
97,audio/holdout_000097_group_synthetic_ALARM_6_00AM_s10_v1_clean.wav,ALARM,Alarm 6:00 AM,6:00 AM,ALARM,6:00 AM,Alarm 6:00 AM,1,32.904,True,True
98,audio/holdout_000098_real_voice_ALARM_V1_2_t2.wav,ALARM,Alarm 8:00 AM,8:00 AM,ALARM,8:00 AM,Alarm 8:00 AM,0,65.715,True,True
99,audio/holdout_000099_group_synthetic_ALARM_8_00AM_s10_v1_clean.wav,ALARM,Alarm 8:00 AM,8:00 AM,ALARM,8:00 AM,Alarm 8:00 AM,1,33.401,True,True
100,audio/holdout_000100_group_synthetic_ALARM_9_00PM_s10_v1_clean.wav,ALARM,Alarm 9:00 PM,9:00 PM,ALARM,9:00 PM,Alarm 9:00 PM,1,37.922,True,True
101,audio/holdout_000101_group_synthetic_ALARM_9_00PM_s100_v1_clean.wav,ALARM,Alarm 9:00 PM,9:00 PM,ALARM,9:00 PM,Alarm 9:00 PM,1,43.61,True,True
102,audio/holdout_000102_real_voice_ALARM_V2_1_t1.wav,ALARM,Wake me up at 6:00 AM,6:00 AM,ALARM,,,0,68.933,True,False
103,audio/holdout_000103_group_synthetic_ALARM_6_00AM_s10_v2_clean.wav,ALARM,Wake me up at 6:00 AM,6:00 AM,ALARM,,,1,34.41,True,False
104,audio/holdout_000104_real_voice_ALARM_V2_2_t1.wav,ALARM,Wake me up at 8:00 AM,8:00 AM,ALARM,,,0,68.07,True,False
105,audio/holdout_000105_group_synthetic_ALARM_8_00AM_s10_v2_clean.wav,ALARM,Wake me up at 8:00 AM,8:00 AM,ALARM,,,1,29.337,True,False
106,audio/holdout_000106_real_voice_ALARM_V2_3_t2.wav,ALARM,Wake me up at 9:00 PM,9:00 PM,ALARM,,,0,73.173,True,False
107,audio/holdout_000107_group_synthetic_ALARM_9_00PM_s10_v2_clean.wav,ALARM,Wake me up at 9:00 PM,9:00 PM,ALARM,,,1,32.605,True,False
108,audio/holdout_000108_real_voice_ALARM_V3_1_t2.wav,ALARM,Set an alarm for 6:00 AM,6:00 AM,ALARM,6:00 AM,Alarm 6:00 AM,0,67.366,True,True
109,audio/holdout_000109_group_synthetic_ALARM_6_00AM_s10_v3_clean.wav,ALARM,Set an alarm for 6:00 AM,6:00 AM,ALARM,6:00 AM,Alarm 6:00 AM,1,35.686,True,True
110,audio/holdout_000110_real_voice_ALARM_V3_2_t2.wav,ALARM,Set an alarm for 8:00 AM,8:00 AM,ALARM,8:00 AM,Alarm 8:00 AM,0,68.826,True,True
111,audio/holdout_000111_group_synthetic_ALARM_8_00AM_s10_v3_clean.wav,ALARM,Set an alarm for 8:00 AM,8:00 AM,ALARM,8:00 AM,Alarm 8:00 AM,1,38.138,True,True
112,audio/holdout_000112_real_voice_ALARM_V3_3_t2.wav,ALARM,Set an alarm for 9:00 PM,9:00 PM,ALARM,9:00 PM,Alarm 9:00 PM,0,68.563,True,True
113,audio/holdout_000113_group_synthetic_ALARM_9_00PM_s10_v3_clean.wav,ALARM,Set an alarm for 9:00 PM,9:00 PM,ALARM,9:00 PM,Alarm 9:00 PM,1,37.607,True,True
114,audio/holdout_000114_real_voice_TEMPERATURE_V1_1_t1.wav,TEMPERATURE,Temperature 18 degrees,18 degrees,TEMPERATURE,18 degrees,Temperature 18 degrees,0,68.525,True,True
115,audio/holdout_000115_group_synthetic_TEMPERATURE_18_s10_v1_clean.wav,TEMPERATURE,Temperature 18 degrees,18 degrees,TEMPERATURE,18 degrees,Temperature 18 degrees,1,35.358,True,True
116,audio/holdout_000116_real_voice_TEMPERATURE_V1_2_t1.wav,TEMPERATURE,Temperature 22 degrees,22 degrees,TEMPERATURE,18 degrees,Temperature 18 degrees,0,67.304,True,False
117,audio/holdout_000117_group_synthetic_TEMPERATURE_22_s10_v1_clean.wav,TEMPERATURE,Temperature 22 degrees,22 degrees,TEMPERATURE,22 degrees,Temperature 22 degrees,1,41.626,True,True
118,audio/holdout_000118_real_voice_TEMPERATURE_V1_3_t1.wav,TEMPERATURE,Temperature 26 degrees,26 degrees,TEMPERATURE,26 degrees,Temperature 26 degrees,0,66.967,True,True
119,audio/holdout_000119_group_synthetic_TEMPERATURE_26_s10_v1_clean.wav,TEMPERATURE,Temperature 26 degrees,26 degrees,TEMPERATURE,26 degrees,Temperature 26 degrees,1,35.071,True,True
120,audio/holdout_000120_real_voice_TEMPERATURE_V2_1_t2.wav,TEMPERATURE,Change the temperature to 18 degrees,18 degrees,TEMPERATURE,18 degrees,Temperature 18 degrees,0,68.644,True,True
121,audio/holdout_000121_group_synthetic_TEMPERATURE_18_s10_v2_clean.wav,TEMPERATURE,Change the temperature to 18 degrees,18 degrees,TEMPERATURE,18 degrees,Temperature 18 degrees,1,44.4,True,True
122,audio/holdout_000122_real_voice_TEMPERATURE_V2_2_t1.wav,TEMPERATURE,Change the temperature to 22 degrees,22 degrees,TEMPERATURE,22 degrees,Temperature 22 degrees,0,66.228,True,True
123,audio/holdout_000123_group_synthetic_TEMPERATURE_22_s10_v2_clean.wav,TEMPERATURE,Change the temperature to 22 degrees,22 degrees,TEMPERATURE,22 degrees,Temperature 22 degrees,1,42.189,True,True
124,audio/holdout_000124_real_voice_TEMPERATURE_V2_3_t1.wav,TEMPERATURE,Change the temperature to 26 degrees,26 degrees,TEMPERATURE,26 degrees,Temperature 26 degrees,0,68.314,True,True
125,audio/holdout_000125_group_synthetic_TEMPERATURE_26_s10_v2_clean.wav,TEMPERATURE,Change the temperature to 26 degrees,26 degrees,TEMPERATURE,26 degrees,Temperature 26 degrees,1,44.199,True,True
126,audio/holdout_000126_real_voice_TEMPERATURE_V3_1_t1.wav,TEMPERATURE,Set the temperature to 18 degrees,18 degrees,TEMPERATURE,18 degrees,Temperature 18 degrees,0,67.209,True,True
127,audio/holdout_000127_group_synthetic_TEMPERATURE_18_s10_v3_clean.wav,TEMPERATURE,Set the temperature to 18 degrees,18 degrees,TEMPERATURE,18 degrees,Temperature 18 degrees,1,39.517,True,True
128,audio/holdout_000128_real_voice_TEMPERATURE_V3_2_t2.wav,TEMPERATURE,Set the temperature to 22 degrees,22 degrees,TEMPERATURE,22 degrees,Temperature 22 degrees,0,66.739,True,True
129,audio/holdout_000129_group_synthetic_TEMPERATURE_22_s10_v3_clean.wav,TEMPERATURE,Set the temperature to 22 degrees,22 degrees,TEMPERATURE,22 degrees,Temperature 22 degrees,1,38.951,True,True
130,audio/holdout_000130_real_voice_TEMPERATURE_V3_3_t2.wav,TEMPERATURE,Set the temperature to 26 degrees,26 degrees,TEMPERATURE,26 degrees,Temperature 26 degrees,0,68.509,True,True
131,audio/holdout_000131_group_synthetic_TEMPERATURE_26_s10_v3_clean.wav,TEMPERATURE,Set the temperature to 26 degrees,26 degrees,TEMPERATURE,26 degrees,Temperature 26 degrees,1,41.605,True,True
132,audio/holdout_000132_real_voice_BRIGHTNESS_V1_1_t2.wav,BRIGHTNESS,Brightness 20 percent,20 percent,TIME,,Time,0,68.484,False,False
133,audio/holdout_000133_group_synthetic_BRIGHTNESS_20_s10_v1_clean.wav,BRIGHTNESS,Brightness 20 percent,20 percent,BRIGHTNESS,20 percent,Brightness 20 percent,1,34.05,True,True
134,audio/holdout_000134_real_voice_BRIGHTNESS_V1_2_t1.wav,BRIGHTNESS,Brightness 60 percent,60 percent,BRIGHTNESS,60 percent,Brightness 60 percent,0,68.469,True,True
135,audio/holdout_000135_group_synthetic_BRIGHTNESS_60_s10_v1_clean.wav,BRIGHTNESS,Brightness 60 percent,60 percent,BRIGHTNESS,60 percent,Brightness 60 percent,1,33.203,True,True
136,audio/holdout_000136_real_voice_BRIGHTNESS_V1_3_t1.wav,BRIGHTNESS,Brightness 100 percent,100 percent,BRIGHTNESS,100 percent,Brightness 100 percent,0,71.508,True,True
137,audio/holdout_000137_group_synthetic_BRIGHTNESS_100_s10_v1_clean.wav,BRIGHTNESS,Brightness 100 percent,100 percent,BRIGHTNESS,100 percent,Brightness 100 percent,1,36.263,True,True
138,audio/holdout_000138_real_voice_BRIGHTNESS_V3_1_t2.wav,BRIGHTNESS,Adjust brightness to 20 percent,20 percent,BRIGHTNESS,20 percent,Brightness 20 percent,0,67.002,True,True
139,audio/holdout_000139_group_synthetic_BRIGHTNESS_20_s10_v2_clean.wav,BRIGHTNESS,Adjust brightness to 20 percent,20 percent,BRIGHTNESS,20 percent,Brightness 20 percent,1,42.288,True,True
140,audio/holdout_000140_real_voice_BRIGHTNESS_V3_2_t2.wav,BRIGHTNESS,Adjust brightness to 60 percent,60 percent,BRIGHTNESS,60 percent,Brightness 60 percent,0,66.297,True,True
141,audio/holdout_000141_group_synthetic_BRIGHTNESS_60_s10_v2_clean.wav,BRIGHTNESS,Adjust brightness to 60 percent,60 percent,BRIGHTNESS,60 percent,Brightness 60 percent,1,41.67,True,True
142,audio/holdout_000142_real_voice_BRIGHTNESS_V2_3_t1.wav,BRIGHTNESS,Adjust brightness to 100 percent,100 percent,TIMER,1 minute,Timer 1 minute,0,65.861,False,False
143,audio/holdout_000143_group_synthetic_BRIGHTNESS_100_s10_v2_clean.wav,BRIGHTNESS,Adjust brightness to 100 percent,100 percent,BRIGHTNESS,100 percent,Brightness 100 percent,1,41.823,True,True
144,audio/holdout_000144_group_synthetic_BRIGHTNESS_20_s10_v3_clean.wav,BRIGHTNESS,Brightness level 20 percent,20 percent,BRIGHTNESS,20 percent,Brightness 20 percent,1,37.9,True,True
145,audio/holdout_000145_group_synthetic_BRIGHTNESS_20_s100_v3_clean.wav,BRIGHTNESS,Brightness level 20 percent,20 percent,BRIGHTNESS,20 percent,Brightness 20 percent,1,36.232,True,True
146,audio/holdout_000146_group_synthetic_BRIGHTNESS_60_s10_v3_clean.wav,BRIGHTNESS,Brightness level 60 percent,60 percent,BRIGHTNESS,60 percent,Brightness 60 percent,1,44.642,True,True
147,audio/holdout_000147_group_synthetic_BRIGHTNESS_60_s100_v3_clean.wav,BRIGHTNESS,Brightness level 60 percent,60 percent,BRIGHTNESS,60 percent,Brightness 60 percent,1,38.683,True,True
148,audio/holdout_000148_group_synthetic_BRIGHTNESS_100_s10_v3_clean.wav,BRIGHTNESS,Brightness level 100 percent,100 percent,BRIGHTNESS,100 percent,Brightness 100 percent,1,38.899,True,True
149,audio/holdout_000149_group_synthetic_BRIGHTNESS_100_s100_v3_clean.wav,BRIGHTNESS,Brightness level 100 percent,100 percent,BRIGHTNESS,100 percent,Brightness 100 percent,1,44.921,True,True
150,audio/holdout_000150_real_voice_COLOR_V2_1_t2.wav,COLOR,Change color to Red,Red,LIGHT_OFF,,Lights out,0,66.568,False,False
151,audio/holdout_000151_group_synthetic_COLOR_RED_s10_v1_clean.wav,COLOR,Change color to Red,Red,COLOR,Red,Change color to Red,1,28.34,True,True
152,audio/holdout_000152_real_voice_COLOR_V2_2_t2.wav,COLOR,Change color to Blue,Blue,LIGHT_OFF,,Lights out,0,68.573,False,False
153,audio/holdout_000153_group_synthetic_COLOR_BLUE_s10_v1_clean.wav,COLOR,Change color to Blue,Blue,COLOR,Blue,Change color to Blue,1,28.534,True,True
154,audio/holdout_000154_real_voice_COLOR_V2_3_t2.wav,COLOR,Change color to Green,Green,COLOR,Green,Change color to Green,0,65.456,True,True
155,audio/holdout_000155_group_synthetic_COLOR_GREEN_s10_v1_clean.wav,COLOR,Change color to Green,Green,COLOR,Green,Change color to Green,1,32.408,True,True
156,audio/holdout_000156_group_synthetic_COLOR_RED_s10_v2_clean.wav,COLOR,Switch color to Red,Red,COLOR,Red,Change color to Red,1,30.952,True,True
157,audio/holdout_000157_group_synthetic_COLOR_RED_s100_v2_clean.wav,COLOR,Switch color to Red,Red,COLOR,Red,Change color to Red,1,31.215,True,True
158,audio/holdout_000158_group_synthetic_COLOR_BLUE_s10_v2_clean.wav,COLOR,Switch color to Blue,Blue,COLOR,Blue,Change color to Blue,1,28.664,True,True
159,audio/holdout_000159_group_synthetic_COLOR_BLUE_s100_v2_clean.wav,COLOR,Switch color to Blue,Blue,COLOR,Blue,Change color to Blue,1,33.29,True,True
160,audio/holdout_000160_group_synthetic_COLOR_GREEN_s10_v2_clean.wav,COLOR,Switch color to Green,Green,COLOR,Green,Change color to Green,1,29.697,True,True
161,audio/holdout_000161_group_synthetic_COLOR_GREEN_s100_v2_clean.wav,COLOR,Switch color to Green,Green,COLOR,Green,Change color to Green,1,29.865,True,True
162,audio/holdout_000162_real_voice_COLOR_V1_1_t2.wav,COLOR,Set color to Red,Red,PAUSE,,Pause,0,70.547,False,False
163,audio/holdout_000163_group_synthetic_COLOR_RED_s10_v3_clean.wav,COLOR,Set color to Red,Red,COLOR,Red,Change color to Red,1,31.461,True,True
164,audio/holdout_000164_real_voice_COLOR_V1_2_t2.wav,COLOR,Set color to Blue,Blue,NO_RESPONSE,,,0,68.774,False,False
165,audio/holdout_000165_group_synthetic_COLOR_BLUE_s10_v3_clean.wav,COLOR,Set color to Blue,Blue,COLOR,Blue,Change color to Blue,1,24.785,True,True
166,audio/holdout_000166_real_voice_COLOR_V3_3_t2.wav,COLOR,Set color to Green,Green,COLOR,Green,Change color to Green,0,68.865,True,True
167,audio/holdout_000167_group_synthetic_COLOR_GREEN_s10_v3_clean.wav,COLOR,Set color to Green,Green,COLOR,Green,Change color to Green,1,25.676,True,True
168,audio/holdout_000168_real_voice_CREATE_REMINDER_V1_1_t2.wav,CREATE_REMINDER,Reminder Drink water,Drink water,CREATE_REMINDER,Drink water,Reminder Drink water,0,68.663,True,True
169,audio/holdout_000169_group_synthetic_CREATE_REMINDER_DRINK_WATER_s10_v1_clean.wav,CREATE_REMINDER,Reminder Drink water,Drink water,CREATE_REMINDER,Drink water,Reminder Drink water,1,28.828,True,True
170,audio/holdout_000170_real_voice_CREATE_REMINDER_V1_2_t2.wav,CREATE_REMINDER,Reminder Study,Study,CREATE_REMINDER,Study,Reminder Study,0,71.205,True,True
171,audio/holdout_000171_group_synthetic_CREATE_REMINDER_STUDY_s10_v1_clean.wav,CREATE_REMINDER,Reminder Study,Study,CREATE_REMINDER,Study,Reminder Study,1,24.188,True,True
172,audio/holdout_000172_real_voice_CREATE_REMINDER_V1_3_t2.wav,CREATE_REMINDER,Reminder Exercise,Exercise,NO_RESPONSE,,,0,71.951,False,False
173,audio/holdout_000173_group_synthetic_CREATE_REMINDER_EXERCISE_s10_v1_clean.wav,CREATE_REMINDER,Reminder Exercise,Exercise,CREATE_REMINDER,Exercise,Reminder Exercise,1,34.289,True,True
174,audio/holdout_000174_real_voice_CREATE_REMINDER_V2_1_t2.wav,CREATE_REMINDER,Remind me to Drink water,Drink water,CREATE_REMINDER,Drink water,Reminder Drink water,0,67.613,True,True
175,audio/holdout_000175_group_synthetic_CREATE_REMINDER_DRINK_WATER_s10_v2_clean.wav,CREATE_REMINDER,Remind me to Drink water,Drink water,CREATE_REMINDER,Drink water,Reminder Drink water,1,34.171,True,True
176,audio/holdout_000176_real_voice_CREATE_REMINDER_V2_2_t2.wav,CREATE_REMINDER,Remind me to Study,Study,CREATE_REMINDER,Study,Reminder Study,0,73.639,True,True
177,audio/holdout_000177_group_synthetic_CREATE_REMINDER_STUDY_s10_v2_clean.wav,CREATE_REMINDER,Remind me to Study,Study,CREATE_REMINDER,Study,Reminder Study,1,33.148,True,True
178,audio/holdout_000178_real_voice_CREATE_REMINDER_V2_3_t2.wav,CREATE_REMINDER,Remind me to Exercise,Exercise,CREATE_REMINDER,Exercise,Reminder Exercise,0,71.03,True,True
179,audio/holdout_000179_group_synthetic_CREATE_REMINDER_EXERCISE_s10_v2_clean.wav,CREATE_REMINDER,Remind me to Exercise,Exercise,CREATE_REMINDER,Exercise,Reminder Exercise,1,37.251,True,True
180,audio/holdout_000180_real_voice_CREATE_REMINDER_V3_1_t2.wav,CREATE_REMINDER,Create a reminder to Drink water,Drink water,CREATE_REMINDER,Drink water,Reminder Drink water,0,74.093,True,True
181,audio/holdout_000181_group_synthetic_CREATE_REMINDER_DRINK_WATER_s10_v3_clean.wav,CREATE_REMINDER,Create a reminder to Drink water,Drink water,CREATE_REMINDER,Drink water,Reminder Drink water,1,42.438,True,True
182,audio/holdout_000182_real_voice_CREATE_REMINDER_V3_2_t1.wav,CREATE_REMINDER,Create a reminder to Study,Study,CREATE_REMINDER,Study,Reminder Study,0,69.136,True,True
183,audio/holdout_000183_group_synthetic_CREATE_REMINDER_STUDY_s10_v3_clean.wav,CREATE_REMINDER,Create a reminder to Study,Study,CREATE_REMINDER,Study,Reminder Study,1,36.782,True,True
184,audio/holdout_000184_real_voice_CREATE_REMINDER_V3_3_t2.wav,CREATE_REMINDER,Create a reminder to Exercise,Exercise,CREATE_REMINDER,Exercise,Reminder Exercise,0,68.846,True,True
185,audio/holdout_000185_group_synthetic_CREATE_REMINDER_EXERCISE_s10_v3_clean.wav,CREATE_REMINDER,Create a reminder to Exercise,Exercise,CREATE_REMINDER,Exercise,Reminder Exercise,1,44.715,True,True
186,audio/holdout_000186_CommonVoice_en_common_voice_en_36827091.wav,OUT_OF_SCOPE,,,MESSAGE,,Message,0,86.98,False,False
187,audio/holdout_000187_CommonVoice_en_common_voice_en_36827090.wav,OUT_OF_SCOPE,,,BRIGHTNESS,20 percent,Brightness 20 percent,0,76.907,False,False
188,audio/holdout_000188_CommonVoice_en_common_voice_en_36827090.wav,OUT_OF_SCOPE,,,BRIGHTNESS,20 percent,Brightness 20 percent,0,75.792,False,False
189,audio/holdout_000189_FluentSpeechCommands_2f3a53d0-4551-11e9-aa52-bf2189a03a60.wav,OUT_OF_SCOPE,,,NO_RESPONSE,,,0,37.548,True,True
190,audio/holdout_000190_FluentSpeechCommands_b47bcab0-4551-11e9-aa52-bf2189a03a60.wav,OUT_OF_SCOPE,,,PAUSE,,Pause,0,39.787,False,False
191,audio/holdout_000191_FluentSpeechCommands_ed52eb60-4552-11e9-aa52-bf2189a03a60.wav,OUT_OF_SCOPE,,,MESSAGE,,Message,0,46.857,False,False
192,audio/holdout_000192_FluentSpeechCommands_2d281d00-454e-11e9-aa52-bf2189a03a60.wav,OUT_OF_SCOPE,,,PAUSE,,Pause,0,41.079,False,False
193,audio/holdout_000193_FluentSpeechCommands_ae8530f0-4552-11e9-aa52-bf2189a03a60.wav,OUT_OF_SCOPE,,,NEXT,,Next song,0,34.73,False,False
194,audio/holdout_000194_FluentSpeechCommands_26c856a0-454e-11e9-aa52-bf2189a03a60.wav,OUT_OF_SCOPE,,,MESSAGE,,Message,0,33.0,False,False
195,audio/holdout_000195_FluentSpeechCommands_27f33ee0-454a-11e9-aa52-bf2189a03a60.wav,OUT_OF_SCOPE,,,TIME,,Time,0,35.845,False,False
196,audio/holdout_000196_group_synthetic_oos_OOS_s10_098_clean.wav,OUT_OF_SCOPE,,,NO_RESPONSE,,,1,28.331,True,True
197,audio/holdout_000197_group_synthetic_oos_OOS_s10_099_noisy.wav,OUT_OF_SCOPE,,,WEATHER,,Weather,1,39.922,False,False
198,audio/holdout_000198_group_synthetic_oos_OOS_s10_100_clean.wav,OUT_OF_SCOPE,,,TIME,,Time,1,33.053,False,False
199,audio/holdout_000199_group_synthetic_oos_OOS_s100_101_noisy.wav,OUT_OF_SCOPE,,,LIGHT_ON,,Lights on,1,54.013,False,False
200,audio/holdout_000200_group_synthetic_oos_OOS_s100_102_clean.wav,OUT_OF_SCOPE,,,PAUSE,,Pause,1,42.258,False,False
201,audio/holdout_000201_group_synthetic_oos_OOS_s100_103_noisy.wav,OUT_OF_SCOPE,,,TIME,,Time,1,70.623,False,False
